WORLD_ZONE_EU,WORLD_ZONE_EU_INTERNATIONAL_STANDARD_LETTER
WORLD_ZONE_EU,WORLD_ZONE_EU_INTERNATIONAL_STANDARD_LARGE_LETTER
WORLD_ZONE_EU,WORLD_ZONE_EU_INTERNATIONAL_STANDARD_SMALL_PARCEL
WORLD_ZONE_EU,WORLD_ZONE_EU_INTERNATIONAL_TRACKED_AND_SIGNED_LETTER
WORLD_ZONE_EU,WORLD_ZONE_EU_INTERNATIONAL_TRACKED_AND_SIGNED_LARGE_LETTER
WORLD_ZONE_EU,WORLD_ZONE_EU_INTERNATIONAL_TRACKED_AND_SIGNED_SMALL_PARCEL
WORLD_ZONE_EU,WORLD_ZONE_EU_INTERNATIONAL_TRACKED_AND_SIGNED_LETTER_EXTRA_INSURANCE
WORLD_ZONE_EU,WORLD_ZONE_EU_INTERNATIONAL_TRACKED_AND_SIGNED_LARGE_LETTER_EXTRA_INSURANCE
WORLD_ZONE_EU,WORLD_ZONE_EU_INTERNATIONAL_TRACKED_AND_SIGNED_SMALL_PARCEL_EXTRA_INSURANCE
WORLD_ZONE_EU,WORLD_ZONE_EU_INTERNATIONAL_SIGNED_LETTER
WORLD_ZONE_EU,WORLD_ZONE_EU_INTERNATIONAL_SIGNED_LARGE_LETTER
WORLD_ZONE_EU,WORLD_ZONE_EU_INTERNATIONAL_SIGNED_SMALL_PARCEL
WORLD_ZONE_EU,WORLD_ZONE_EU_INTERNATIONAL_SIGNED_LETTER_EXTRA_INSURANCE
WORLD_ZONE_EU,WORLD_ZONE_EU_INTERNATIONAL_SIGNED_LARGE_LETTER_EXTRA_INSURANCE
WORLD_ZONE_EU,WORLD_ZONE_EU_INTERNATIONAL_SIGNED_SMALL_PARCEL_EXTRA_INSURANCE
WORLD_ZONE_EU,WORLD_ZONE_EU_INTERNATIONAL_TRACKED_LETTER
WORLD_ZONE_EU,WORLD_ZONE_EU_INTERNATIONAL_TRACKED_LARGE_LETTER
WORLD_ZONE_EU,WORLD_ZONE_EU_INTERNATIONAL_TRACKED_SMALL_PARCEL
WORLD_ZONE_EU,WORLD_ZONE_EU_INTERNATIONAL_TRACKED_LETTER_EXTRA_INSURANCE
WORLD_ZONE_EU,WORLD_ZONE_EU_INTERNATIONAL_TRACKED_LARGE_LETTER_EXTRA_INSURANCE
WORLD_ZONE_EU,WORLD_ZONE_EU_INTERNATIONAL_TRACKED_SMALL_PARCEL_EXTRA_INSURANCE
WORLD_ZONE_ONE,WORLD_ZONE_ONE_INTERNATIONAL_STANDARD_LETTER
WORLD_ZONE_ONE,WORLD_ZONE_ONE_INTERNATIONAL_STANDARD_LARGE_LETTER
WORLD_ZONE_ONE,WORLD_ZONE_ONE_INTERNATIONAL_STANDARD_SMALL_PARCEL
WORLD_ZONE_ONE,WORLD_ZONE_ONE_INTERNATIONAL_TRACKED_AND_SIGNED_LETTER
WORLD_ZONE_ONE,WORLD_ZONE_ONE_INTERNATIONAL_TRACKED_AND_SIGNED_LARGE_LETTER
WORLD_ZONE_ONE,WORLD_ZONE_ONE_INTERNATIONAL_TRACKED_AND_SIGNED_SMALL_PARCEL
WORLD_ZONE_ONE,WORLD_ZONE_ONE_INTERNATIONAL_TRACKED_AND_SIGNED_LETTER_EXTRA_INSURANCE
WORLD_ZONE_ONE,WORLD_ZONE_ONE_INTERNATIONAL_TRACKED_AND_SIGNED_LARGE_LETTER_EXTRA_INSURANCE
WORLD_ZONE_ONE,WORLD_ZONE_ONE_INTERNATIONAL_TRACKED_AND_SIGNED_SMALL_PARCEL_EXTRA_INSURANCE
WORLD_ZONE_ONE,WORLD_ZONE_ONE_INTERNATIONAL_SIGNED_LETTER
WORLD_ZONE_ONE,WORLD_ZONE_ONE_INTERNATIONAL_SIGNED_LARGE_LETTER
WORLD_ZONE_ONE,WORLD_ZONE_ONE_INTERNATIONAL_SIGNED_SMALL_PARCEL
WORLD_ZONE_ONE,WORLD_ZONE_ONE_INTERNATIONAL_SIGNED_LETTER_EXTRA_INSURANCE
WORLD_ZONE_ONE,WORLD_ZONE_ONE_INTERNATIONAL_SIGNED_LARGE_LETTER_EXTRA_INSURANCE
WORLD_ZONE_ONE,WORLD_ZONE_ONE_INTERNATIONAL_SIGNED_SMALL_PARCEL_EXTRA_INSURANCE
WORLD_ZONE_ONE,WORLD_ZONE_ONE_INTERNATIONAL_ECONOMY_LETTER
WORLD_ZONE_ONE,WORLD_ZONE_ONE_INTERNATIONAL_ECONOMY_LARGE_LETTER
WORLD_ZONE_ONE,WORLD_ZONE_ONE_INTERNATIONAL_ECONOMY_SMALL_PARCEL
WORLD_ZONE_ONE,WORLD_ZONE_ONE_INTERNATIONAL_TRACKED_LETTER
WORLD_ZONE_ONE,WORLD_ZONE_ONE_INTERNATIONAL_TRACKED_LARGE_LETTER
WORLD_ZONE_ONE,WORLD_ZONE_ONE_INTERNATIONAL_TRACKED_SMALL_PARCEL
WORLD_ZONE_ONE,WORLD_ZONE_ONE_INTERNATIONAL_TRACKED_LETTER_EXTRA_INSURANCE
WORLD_ZONE_ONE,WORLD_ZONE_ONE_INTERNATIONAL_TRACKED_LARGE_LETTER_EXTRA_INSURANCE
WORLD_ZONE_ONE,WORLD_ZONE_ONE_INTERNATIONAL_TRACKED_SMALL_PARCEL_EXTRA_INSURANCE
WORLD_ZONE_TWO,WORLD_ZONE_TWO_INTERNATIONAL_STANDARD_LETTER
WORLD_ZONE_TWO,WORLD_ZONE_TWO_INTERNATIONAL_STANDARD_LARGE_LETTER
WORLD_ZONE_TWO,WORLD_ZONE_TWO_INTERNATIONAL_STANDARD_SMALL_PARCEL
WORLD_ZONE_TWO,WORLD_ZONE_TWO_INTERNATIONAL_TRACKED_AND_SIGNED_LETTER
WORLD_ZONE_TWO,WORLD_ZONE_TWO_INTERNATIONAL_TRACKED_AND_SIGNED_LARGE_LETTER
WORLD_ZONE_TWO,WORLD_ZONE_TWO_INTERNATIONAL_TRACKED_AND_SIGNED_SMALL_PARCEL
WORLD_ZONE_TWO,WORLD_ZONE_TWO_INTERNATIONAL_TRACKED_AND_SIGNED_LETTER_EXTRA_INSURANCE
WORLD_ZONE_TWO,WORLD_ZONE_TWO_INTERNATIONAL_TRACKED_AND_SIGNED_LARGE_LETTER_EXTRA_INSURANCE
WORLD_ZONE_TWO,WORLD_ZONE_TWO_INTERNATIONAL_TRACKED_AND_SIGNED_SMALL_PARCEL_EXTRA_INSURANCE
WORLD_ZONE_TWO,WORLD_ZONE_TWO_INTERNATIONAL_SIGNED_LETTER
WORLD_ZONE_TWO,WORLD_ZONE_TWO_INTERNATIONAL_SIGNED_LARGE_LETTER
WORLD_ZONE_TWO,WORLD_ZONE_TWO_INTERNATIONAL_SIGNED_SMALL_PARCEL
WORLD_ZONE_TWO,WORLD_ZONE_TWO_INTERNATIONAL_SIGNED_LETTER_EXTRA_INSURANCE
WORLD_ZONE_TWO,WORLD_ZONE_TWO_INTERNATIONAL_SIGNED_LARGE_LETTER_EXTRA_INSURANCE
WORLD_ZONE_TWO,WORLD_ZONE_TWO_INTERNATIONAL_SIGNED_SMALL_PARCEL_EXTRA_INSURANCE
WORLD_ZONE_TWO,WORLD_ZONE_TWO_INTERNATIONAL_ECONOMY_LETTER
WORLD_ZONE_TWO,WORLD_ZONE_TWO_INTERNATIONAL_ECONOMY_LARGE_LETTER
WORLD_ZONE_TWO,WORLD_ZONE_TWO_INTERNATIONAL_ECONOMY_SMALL_PARCEL
WORLD_ZONE_TWO,WORLD_ZONE_TWO_INTERNATIONAL_TRACKED_LETTER
WORLD_ZONE_TWO,WORLD_ZONE_TWO_INTERNATIONAL_TRACKED_LARGE_LETTER
WORLD_ZONE_TWO,WORLD_ZONE_TWO_INTERNATIONAL_TRACKED_SMALL_PARCEL
WORLD_ZONE_TWO,WORLD_ZONE_TWO_INTERNATIONAL_TRACKED_LETTER_EXTRA_INSURANCE
WORLD_ZONE_TWO,WORLD_ZONE_TWO_INTERNATIONAL_TRACKED_LARGE_LETTER_EXTRA_INSURANCE
WORLD_ZONE_TWO,WORLD_ZONE_TWO_INTERNATIONAL_TRACKED_SMALL_PARCEL_EXTRA_INSURANCE
WORLD_ZONE_GB,UK_GUARANTEED_ROYAL_MAIL_SPECIAL_DELIVERY_1PM_500
WORLD_ZONE_GB,UK_GUARANTEED_ROYAL_MAIL_SPECIAL_DELIVERY_1PM_1000
WORLD_ZONE_GB,UK_GUARANTEED_ROYAL_MAIL_SPECIAL_DELIVERY_1PM_2500
WORLD_ZONE_GB,UK_GUARANTEED_ROYAL_MAIL_SPECIAL_DELIVERY_9AM_50
WORLD_ZONE_GB,UK_GUARANTEED_ROYAL_MAIL_SPECIAL_DELIVERY_9AM_500
WORLD_ZONE_GB,UK_GUARANTEED_ROYAL_MAIL_SPECIAL_DELIVERY_9AM_2500
WORLD_ZONE_GB,UK_GUARANTEED_ROYAL_MAIL_SPECIAL_DELIVERY_1PM_SATURDAY_500
WORLD_ZONE_GB,UK_GUARANTEED_ROYAL_MAIL_SPECIAL_DELIVERY_1PM_SATURDAY_1000
WORLD_ZONE_GB,UK_GUARANTEED_ROYAL_MAIL_SPECIAL_DELIVERY_1PM_SATURDAY_2500
WORLD_ZONE_GB,UK_GUARANTEED_ROYAL_MAIL_SPECIAL_DELIVERY_9AM_SATURDAY_50
WORLD_ZONE_GB,UK_GUARANTEED_ROYAL_MAIL_SPECIAL_DELIVERY_9AM_SATURDAY_1000
WORLD_ZONE_GB,UK_GUARANTEED_ROYAL_MAIL_SPECIAL_DELIVERY_9AM_SATURDAY_2500
WORLD_ZONE_GB,UK_STANDARD_FIRST_CLASS_LETTER
WORLD_ZONE_GB,UK_STANDARD_FIRST_CLASS_LARGE_LETTER
WORLD_ZONE_GB,UK_STANDARD_FIRST_CLASS_SMALL_PARCEL
WORLD_ZONE_GB,UK_STANDARD_FIRST_CLASS_MEDIUM_PARCEL
WORLD_ZONE_GB,UK_STANDARD_SECOND_CLASS_LETTER
WORLD_ZONE_GB,UK_STANDARD_SECOND_CLASS_LARGE_LETTER
WORLD_ZONE_GB,UK_STANDARD_SECOND_CLASS_SMALL_PARCEL
WORLD_ZONE_GB,UK_STANDARD_SECOND_CLASS_MEDIUM_PARCEL
WORLD_ZONE_GB,UK_CONFIRMED_ROYAL_MAIL_SIGNED_FOR_FIRST_CLASS_LETTER
WORLD_ZONE_GB,UK_CONFIRMED_ROYAL_MAIL_SIGNED_FOR_FIRST_CLASS_LARGE_LETTER
WORLD_ZONE_GB,UK_CONFIRMED_ROYAL_MAIL_SIGNED_FOR_FIRST_CLASS_SMALL_PARCEL
WORLD_ZONE_GB,UK_CONFIRMED_ROYAL_MAIL_SIGNED_FOR_FIRST_CLASS_MEDIUM_PARCEL
WORLD_ZONE_GB,UK_CONFIRMED_ROYAL_MAIL_SIGNED_FOR_SECOND_CLASS_LETTER
WORLD_ZONE_GB,UK_CONFIRMED_ROYAL_MAIL_SIGNED_FOR_SECOND_CLASS_LARGE_LETTER
WORLD_ZONE_GB,UK_CONFIRMED_ROYAL_MAIL_SIGNED_FOR_SECOND_CLASS_SMALL_PARCEL
WORLD_ZONE_GB,UK_CONFIRMED_ROYAL_MAIL_SIGNED_FOR_SECOND_CLASS_MEDIUM_PARCEL
WORLD_ZONE_GB,PARCELFORCE_WORLDWIDE_EXPRESS_9
WORLD_ZONE_GB,PARCELFORCE_WORLDWIDE_EXPRESS_10
WORLD_ZONE_GB,PARCELFORCE_WORLDWIDE_EXPRESS_AM
WORLD_ZONE_GB,PARCELFORCE_WORLDWIDE_EXPRESS_24
WORLD_ZONE_GB,PARCELFORCE_WORLDWIDE_EXPRESS_48
WORLD_ZONE_GB,PARCELFORCE_WORLDWIDE_EXPRESS_9_SATURDAY
WORLD_ZONE_GB,PARCELFORCE_WORLDWIDE_EXPRESS_10_SATURDAY
WORLD_ZONE_GB,PARCELFORCE_WORLDWIDE_EXPRESS_AM_SATURDAY
WORLD_ZONE_GB,PARCELFORCE_WORLDWIDE_EXPRESS_24_SATURDAY
WORLD_ZONE_GB,PARCELFORCE_WORLDWIDE_EXPRESS_48_SATURDAY